,Code,Company,Exchange,Ex Code
0,AL,Aluminum,New York Commodity Exchange,COMEX
1,AL.C,Aluminum Continuation,New York Commodity Exchange,COMEX
2,ALF22,Aluminum {Jan 22},New York Commodity Exchange,COMEX
3,ALG21,Aluminum {Feb 21},New York Commodity Exchange,COMEX
4,ALG22,Aluminum {Feb 22},New York Commodity Exchange,COMEX
5,ALH21,Aluminum {Mar 21},New York Commodity Exchange,COMEX
6,ALH22,Aluminum {Mar 22},New York Commodity Exchange,COMEX
7,ALJ21,Aluminum {Apr 21},New York Commodity Exchange,COMEX
8,ALK21,Aluminum {May 21},New York Commodity Exchange,COMEX
9,ALM21,Aluminum {Jun 21},New York Commodity Exchange,COMEX
10,ALN21,Aluminum {Jul 21},New York Commodity Exchange,COMEX
11,ALQ21,Aluminum {Aug 21},New York Commodity Exchange,COMEX
12,ALU21,Aluminum {Sep 21},New York Commodity Exchange,COMEX
13,ALV21,Aluminum {Oct 21},New York Commodity Exchange,COMEX
14,ALX21,Aluminum {Nov 21},New York Commodity Exchange,COMEX
15,ALZ21,Aluminum {Dec 21},New York Commodity Exchange,COMEX
16,AL,Aluminum,New York Commodity Exchange,COMEX
17,AL.C,Aluminum Continuation,New York Commodity Exchange,COMEX
18,ALF22,Aluminum {Jan 22},New York Commodity Exchange,COMEX
19,ALG21,Aluminum {Feb 21},New York Commodity Exchange,COMEX
20,ALG22,Aluminum {Feb 22},New York Commodity Exchange,COMEX
21,ALH21,Aluminum {Mar 21},New York Commodity Exchange,COMEX
22,ALH22,Aluminum {Mar 22},New York Commodity Exchange,COMEX
23,ALJ21,Aluminum {Apr 21},New York Commodity Exchange,COMEX
24,ALK21,Aluminum {May 21},New York Commodity Exchange,COMEX
25,ALM21,Aluminum {Jun 21},New York Commodity Exchange,COMEX
26,ALN21,Aluminum {Jul 21},New York Commodity Exchange,COMEX
27,ALQ21,Aluminum {Aug 21},New York Commodity Exchange,COMEX
28,ALU21,Aluminum {Sep 21},New York Commodity Exchange,COMEX
29,ALV21,Aluminum {Oct 21},New York Commodity Exchange,COMEX
30,ALX21,Aluminum {Nov 21},New York Commodity Exchange,COMEX
31,ALZ21,Aluminum {Dec 21},New York Commodity Exchange,COMEX
32,AL,Aluminum,New York Commodity Exchange,COMEX
33,AL.C,Aluminum Continuation,New York Commodity Exchange,COMEX
34,ALF22,Aluminum {Jan 22},New York Commodity Exchange,COMEX
35,ALG21,Aluminum {Feb 21},New York Commodity Exchange,COMEX
36,ALG22,Aluminum {Feb 22},New York Commodity Exchange,COMEX
37,ALH21,Aluminum {Mar 21},New York Commodity Exchange,COMEX
38,ALH22,Aluminum {Mar 22},New York Commodity Exchange,COMEX
39,ALJ21,Aluminum {Apr 21},New York Commodity Exchange,COMEX
40,ALK21,Aluminum {May 21},New York Commodity Exchange,COMEX
41,ALM21,Aluminum {Jun 21},New York Commodity Exchange,COMEX
42,ALN21,Aluminum {Jul 21},New York Commodity Exchange,COMEX
43,ALQ21,Aluminum {Aug 21},New York Commodity Exchange,COMEX
44,ALU21,Aluminum {Sep 21},New York Commodity Exchange,COMEX
45,ALV21,Aluminum {Oct 21},New York Commodity Exchange,COMEX
46,ALX21,Aluminum {Nov 21},New York Commodity Exchange,COMEX
47,ALZ21,Aluminum {Dec 21},New York Commodity Exchange,COMEX
48,AL,Aluminum,New York Commodity Exchange,COMEX
49,AL.C,Aluminum Continuation,New York Commodity Exchange,COMEX
50,ALF22,Aluminum {Jan 22},New York Commodity Exchange,COMEX
51,ALG21,Aluminum {Feb 21},New York Commodity Exchange,COMEX
52,ALG22,Aluminum {Feb 22},New York Commodity Exchange,COMEX
53,ALH21,Aluminum {Mar 21},New York Commodity Exchange,COMEX
54,ALH22,Aluminum {Mar 22},New York Commodity Exchange,COMEX
55,ALJ21,Aluminum {Apr 21},New York Commodity Exchange,COMEX
56,ALK21,Aluminum {May 21},New York Commodity Exchange,COMEX
57,ALM21,Aluminum {Jun 21},New York Commodity Exchange,COMEX
58,ALN21,Aluminum {Jul 21},New York Commodity Exchange,COMEX
59,ALQ21,Aluminum {Aug 21},New York Commodity Exchange,COMEX
60,ALU21,Aluminum {Sep 21},New York Commodity Exchange,COMEX
61,ALV21,Aluminum {Oct 21},New York Commodity Exchange,COMEX
62,ALX21,Aluminum {Nov 21},New York Commodity Exchange,COMEX
63,ALZ21,Aluminum {Dec 21},New York Commodity Exchange,COMEX
64,AL,Aluminum,New York Commodity Exchange,COMEX
65,AL.C,Aluminum Continuation,New York Commodity Exchange,COMEX
66,ALF22,Aluminum {Jan 22},New York Commodity Exchange,COMEX
67,ALG21,Aluminum {Feb 21},New York Commodity Exchange,COMEX
68,ALG22,Aluminum {Feb 22},New York Commodity Exchange,COMEX
69,ALH21,Aluminum {Mar 21},New York Commodity Exchange,COMEX
70,ALH22,Aluminum {Mar 22},New York Commodity Exchange,COMEX
71,ALJ21,Aluminum {Apr 21},New York Commodity Exchange,COMEX
72,ALK21,Aluminum {May 21},New York Commodity Exchange,COMEX
73,ALM21,Aluminum {Jun 21},New York Commodity Exchange,COMEX
74,ALN21,Aluminum {Jul 21},New York Commodity Exchange,COMEX
75,ALQ21,Aluminum {Aug 21},New York Commodity Exchange,COMEX
76,ALU21,Aluminum {Sep 21},New York Commodity Exchange,COMEX
77,ALV21,Aluminum {Oct 21},New York Commodity Exchange,COMEX
78,ALX21,Aluminum {Nov 21},New York Commodity Exchange,COMEX
79,ALZ21,Aluminum {Dec 21},New York Commodity Exchange,COMEX
80,AL,Aluminum,New York Commodity Exchange,COMEX
81,AL.C,Aluminum Continuation,New York Commodity Exchange,COMEX
82,ALF22,Aluminum {Jan 22},New York Commodity Exchange,COMEX
83,ALG21,Aluminum {Feb 21},New York Commodity Exchange,COMEX
84,ALG22,Aluminum {Feb 22},New York Commodity Exchange,COMEX
85,ALH21,Aluminum {Mar 21},New York Commodity Exchange,COMEX
86,ALH22,Aluminum {Mar 22},New York Commodity Exchange,COMEX
87,ALJ21,Aluminum {Apr 21},New York Commodity Exchange,COMEX
88,ALK21,Aluminum {May 21},New York Commodity Exchange,COMEX
89,ALM21,Aluminum {Jun 21},New York Commodity Exchange,COMEX
90,ALN21,Aluminum {Jul 21},New York Commodity Exchange,COMEX
91,ALQ21,Aluminum {Aug 21},New York Commodity Exchange,COMEX
92,ALU21,Aluminum {Sep 21},New York Commodity Exchange,COMEX
93,ALV21,Aluminum {Oct 21},New York Commodity Exchange,COMEX
94,ALX21,Aluminum {Nov 21},New York Commodity Exchange,COMEX
95,ALZ21,Aluminum {Dec 21},New York Commodity Exchange,COMEX
96,AL,Aluminum,New York Commodity Exchange,COMEX
97,AL.C,Aluminum Continuation,New York Commodity Exchange,COMEX
98,ALF22,Aluminum {Jan 22},New York Commodity Exchange,COMEX
99,ALG21,Aluminum {Feb 21},New York Commodity Exchange,COMEX
100,ALG22,Aluminum {Feb 22},New York Commodity Exchange,COMEX
101,ALH21,Aluminum {Mar 21},New York Commodity Exchange,COMEX
102,ALH22,Aluminum {Mar 22},New York Commodity Exchange,COMEX
103,ALJ21,Aluminum {Apr 21},New York Commodity Exchange,COMEX
104,ALK21,Aluminum {May 21},New York Commodity Exchange,COMEX
105,ALM21,Aluminum {Jun 21},New York Commodity Exchange,COMEX
106,ALN21,Aluminum {Jul 21},New York Commodity Exchange,COMEX
107,ALQ21,Aluminum {Aug 21},New York Commodity Exchange,COMEX
108,ALU21,Aluminum {Sep 21},New York Commodity Exchange,COMEX
109,ALV21,Aluminum {Oct 21},New York Commodity Exchange,COMEX
110,ALX21,Aluminum {Nov 21},New York Commodity Exchange,COMEX
111,ALZ21,Aluminum {Dec 21},New York Commodity Exchange,COMEX
112,G9.C,Gold Enhanced Deliv Continuation,New York Commodity Exchange,COMEX
113,G9G21,Gold Enhanced Deliv {Feb 21},New York Commodity Exchange,COMEX
114,G9G22,Gold Enhanced Deliv {Feb 22},New York Commodity Exchange,COMEX
115,G9H21,Gold Enhanced Deliv {Mar 21},New York Commodity Exchange,COMEX
116,G9J21,Gold Enhanced Deliv {Apr 21},New York Commodity Exchange,COMEX
117,G9K21,Gold Enhanced Deliv {May 21},New York Commodity Exchange,COMEX
118,G9M21,Gold Enhanced Deliv {Jun 21},New York Commodity Exchange,COMEX
119,G9M22,Gold Enhanced Deliv {Jun 22},New York Commodity Exchange,COMEX
120,G9M23,Gold Enhanced Deliv {Jun 23},New York Commodity Exchange,COMEX
121,G9M24,Gold Enhanced Deliv {Jun 24},New York Commodity Exchange,COMEX
122,G9M25,Gold Enhanced Deliv {Jun 25},New York Commodity Exchange,COMEX
123,G9M26,Gold Enhanced Deliv {Jun 26},New York Commodity Exchange,COMEX
124,G9Q21,Gold Enhanced Deliv {Aug 21},New York Commodity Exchange,COMEX
125,G9Q22,Gold Enhanced Deliv {Aug 22},New York Commodity Exchange,COMEX
126,G9V21,Gold Enhanced Deliv {Oct 21},New York Commodity Exchange,COMEX
127,G9V22,Gold Enhanced Deliv {Oct 22},New York Commodity Exchange,COMEX
128,G9Z21,Gold Enhanced Deliv {Dec 21},New York Commodity Exchange,COMEX
129,G9Z22,Gold Enhanced Deliv {Dec 22},New York Commodity Exchange,COMEX
130,G9Z23,Gold Enhanced Deliv {Dec 23},New York Commodity Exchange,COMEX
131,G9Z24,Gold Enhanced Deliv {Dec 24},New York Commodity Exchange,COMEX
132,G9Z25,Gold Enhanced Deliv {Dec 25},New York Commodity Exchange,COMEX
133,G9Z26,Gold Enhanced Deliv {Dec 26},New York Commodity Exchange,COMEX
134,GA.C,Gold Shanghai USD Continuation,New York Commodity Exchange,COMEX
135,GAG21,Gold Shanghai USD {Feb 21},New York Commodity Exchange,COMEX
136,GAG22,Gold Shanghai USD {Feb 22},New York Commodity Exchange,COMEX
137,GAH21,Gold Shanghai USD {Mar 21},New York Commodity Exchange,COMEX
138,GAJ21,Gold Shanghai USD {Apr 21},New York Commodity Exchange,COMEX
139,GAK21,Gold Shanghai USD {May 21},New York Commodity Exchange,COMEX
140,GAM21,Gold Shanghai USD {Jun 21},New York Commodity Exchange,COMEX
141,GAQ21,Gold Shanghai USD {Aug 21},New York Commodity Exchange,COMEX
142,GAV21,Gold Shanghai USD {Oct 21},New York Commodity Exchange,COMEX
143,GAZ21,Gold Shanghai USD {Dec 21},New York Commodity Exchange,COMEX
144,GC,Gold,New York Commodity Exchange,COMEX
145,GC.C,Gold Continuation,New York Commodity Exchange,COMEX
146,GCG21,Gold {Feb 21},New York Commodity Exchange,COMEX
147,GCG22,Gold {Feb 22},New York Commodity Exchange,COMEX
148,GCH21,Gold {Mar 21},New York Commodity Exchange,COMEX
149,GCJ21,Gold {Apr 21},New York Commodity Exchange,COMEX
150,GCJ22,Gold {Apr 22},New York Commodity Exchange,COMEX
151,GCK21,Gold {May 21},New York Commodity Exchange,COMEX
152,GCM21,Gold {Jun 21},New York Commodity Exchange,COMEX
153,GCM22,Gold {Jun 22},New York Commodity Exchange,COMEX
154,GCM23,Gold {Jun 23},New York Commodity Exchange,COMEX
155,GCM24,Gold {Jun 24},New York Commodity Exchange,COMEX
156,GCM25,Gold {Jun 25},New York Commodity Exchange,COMEX
157,GCM26,Gold {Jun 26},New York Commodity Exchange,COMEX
158,GCQ21,Gold {Aug 21},New York Commodity Exchange,COMEX
159,GCQ22,Gold {Aug 22},New York Commodity Exchange,COMEX
160,GCV21,Gold {Oct 21},New York Commodity Exchange,COMEX
161,GCV22,Gold {Oct 22},New York Commodity Exchange,COMEX
162,GCZ21,Gold {Dec 21},New York Commodity Exchange,COMEX
163,GCZ22,Gold {Dec 22},New York Commodity Exchange,COMEX
164,GCZ23,Gold {Dec 23},New York Commodity Exchange,COMEX
165,GCZ24,Gold {Dec 24},New York Commodity Exchange,COMEX
166,GCZ25,Gold {Dec 25},New York Commodity Exchange,COMEX
167,GCZ26,Gold {Dec 26},New York Commodity Exchange,COMEX
168,GQ.C,Gold Shanghai CNH Continuation,New York Commodity Exchange,COMEX
169,GQG21,Gold Shanghai CNH {Feb 21},New York Commodity Exchange,COMEX
170,GQG22,Gold Shanghai CNH {Feb 22},New York Commodity Exchange,COMEX
171,GQH21,Gold Shanghai CNH {Mar 21},New York Commodity Exchange,COMEX
172,GQJ21,Gold Shanghai CNH {Apr 21},New York Commodity Exchange,COMEX
173,GQK21,Gold Shanghai CNH {May 21},New York Commodity Exchange,COMEX
174,GQM21,Gold Shanghai CNH {Jun 21},New York Commodity Exchange,COMEX
175,GQQ21,Gold Shanghai CNH {Aug 21},New York Commodity Exchange,COMEX
176,GQV21,Gold Shanghai CNH {Oct 21},New York Commodity Exchange,COMEX
177,GQZ21,Gold Shanghai CNH {Dec 21},New York Commodity Exchange,COMEX
178,GR.C,Gold Micro Continuation,New York Commodity Exchange,COMEX
179,GRG21,Gold Micro {Feb 21},New York Commodity Exchange,COMEX
180,GRG22,Gold Micro {Feb 22},New York Commodity Exchange,COMEX
181,GRJ21,Gold Micro {Apr 21},New York Commodity Exchange,COMEX
182,GRJ22,Gold Micro {Apr 22},New York Commodity Exchange,COMEX
183,GRM21,Gold Micro {Jun 21},New York Commodity Exchange,COMEX
184,GRM22,Gold Micro {Jun 22},New York Commodity Exchange,COMEX
185,GRQ21,Gold Micro {Aug 21},New York Commodity Exchange,COMEX
186,GRQ22,Gold Micro {Aug 22},New York Commodity Exchange,COMEX
187,GRV21,Gold Micro {Oct 21},New York Commodity Exchange,COMEX
188,GRV22,Gold Micro {Oct 22},New York Commodity Exchange,COMEX
189,GRZ21,Gold Micro {Dec 21},New York Commodity Exchange,COMEX
190,GRZ22,Gold Micro {Dec 22},New York Commodity Exchange,COMEX
191,GW.C,Gold Kilo Continuation,New York Commodity Exchange,COMEX
192,GWG21,Gold Kilo {Feb 21},New York Commodity Exchange,COMEX
193,GWG22,Gold Kilo {Feb 22},New York Commodity Exchange,COMEX
194,GWH21,Gold Kilo {Mar 21},New York Commodity Exchange,COMEX
195,GWJ21,Gold Kilo {Apr 21},New York Commodity Exchange,COMEX
196,GWK21,Gold Kilo {May 21},New York Commodity Exchange,COMEX
197,GWM21,Gold Kilo {Jun 21},New York Commodity Exchange,COMEX
198,GWQ21,Gold Kilo {Aug 21},New York Commodity Exchange,COMEX
199,GWV21,Gold Kilo {Oct 21},New York Commodity Exchange,COMEX
200,GWZ21,Gold Kilo {Dec 21},New York Commodity Exchange,COMEX
201,AL,Aluminum,New York Commodity Exchange,COMEX
202,AL.C,Aluminum Continuation,New York Commodity Exchange,COMEX
203,ALF22,Aluminum {Jan 22},New York Commodity Exchange,COMEX
204,ALG21,Aluminum {Feb 21},New York Commodity Exchange,COMEX
205,ALG22,Aluminum {Feb 22},New York Commodity Exchange,COMEX
206,ALH21,Aluminum {Mar 21},New York Commodity Exchange,COMEX
207,ALH22,Aluminum {Mar 22},New York Commodity Exchange,COMEX
208,ALJ21,Aluminum {Apr 21},New York Commodity Exchange,COMEX
209,ALK21,Aluminum {May 21},New York Commodity Exchange,COMEX
210,ALM21,Aluminum {Jun 21},New York Commodity Exchange,COMEX
211,ALN21,Aluminum {Jul 21},New York Commodity Exchange,COMEX
212,ALQ21,Aluminum {Aug 21},New York Commodity Exchange,COMEX
213,ALU21,Aluminum {Sep 21},New York Commodity Exchange,COMEX
214,ALV21,Aluminum {Oct 21},New York Commodity Exchange,COMEX
215,ALX21,Aluminum {Nov 21},New York Commodity Exchange,COMEX
216,ALZ21,Aluminum {Dec 21},New York Commodity Exchange,COMEX
217,AL,Aluminum,New York Commodity Exchange,COMEX
218,AL.C,Aluminum Continuation,New York Commodity Exchange,COMEX
219,ALF22,Aluminum {Jan 22},New York Commodity Exchange,COMEX
220,ALG21,Aluminum {Feb 21},New York Commodity Exchange,COMEX
221,ALG22,Aluminum {Feb 22},New York Commodity Exchange,COMEX
222,ALH21,Aluminum {Mar 21},New York Commodity Exchange,COMEX
223,ALH22,Aluminum {Mar 22},New York Commodity Exchange,COMEX
224,ALJ21,Aluminum {Apr 21},New York Commodity Exchange,COMEX
225,ALK21,Aluminum {May 21},New York Commodity Exchange,COMEX
226,ALM21,Aluminum {Jun 21},New York Commodity Exchange,COMEX
227,ALN21,Aluminum {Jul 21},New York Commodity Exchange,COMEX
228,ALQ21,Aluminum {Aug 21},New York Commodity Exchange,COMEX
229,ALU21,Aluminum {Sep 21},New York Commodity Exchange,COMEX
230,ALV21,Aluminum {Oct 21},New York Commodity Exchange,COMEX
231,ALX21,Aluminum {Nov 21},New York Commodity Exchange,COMEX
232,ALZ21,Aluminum {Dec 21},New York Commodity Exchange,COMEX
233,AL,Aluminum,New York Commodity Exchange,COMEX
234,AL.C,Aluminum Continuation,New York Commodity Exchange,COMEX
235,ALF22,Aluminum {Jan 22},New York Commodity Exchange,COMEX
236,ALG21,Aluminum {Feb 21},New York Commodity Exchange,COMEX
237,ALG22,Aluminum {Feb 22},New York Commodity Exchange,COMEX
238,ALH21,Aluminum {Mar 21},New York Commodity Exchange,COMEX
239,ALH22,Aluminum {Mar 22},New York Commodity Exchange,COMEX
240,ALJ21,Aluminum {Apr 21},New York Commodity Exchange,COMEX
241,ALK21,Aluminum {May 21},New York Commodity Exchange,COMEX
242,ALM21,Aluminum {Jun 21},New York Commodity Exchange,COMEX
243,ALN21,Aluminum {Jul 21},New York Commodity Exchange,COMEX
244,ALQ21,Aluminum {Aug 21},New York Commodity Exchange,COMEX
245,ALU21,Aluminum {Sep 21},New York Commodity Exchange,COMEX
246,ALV21,Aluminum {Oct 21},New York Commodity Exchange,COMEX
247,ALX21,Aluminum {Nov 21},New York Commodity Exchange,COMEX
248,ALZ21,Aluminum {Dec 21},New York Commodity Exchange,COMEX
249,AL,Aluminum,New York Commodity Exchange,COMEX
250,AL.C,Aluminum Continuation,New York Commodity Exchange,COMEX
251,ALF22,Aluminum {Jan 22},New York Commodity Exchange,COMEX
252,ALG21,Aluminum {Feb 21},New York Commodity Exchange,COMEX
253,ALG22,Aluminum {Feb 22},New York Commodity Exchange,COMEX
254,ALH21,Aluminum {Mar 21},New York Commodity Exchange,COMEX
255,ALH22,Aluminum {Mar 22},New York Commodity Exchange,COMEX
256,ALJ21,Aluminum {Apr 21},New York Commodity Exchange,COMEX
257,ALK21,Aluminum {May 21},New York Commodity Exchange,COMEX
258,ALM21,Aluminum {Jun 21},New York Commodity Exchange,COMEX
259,ALN21,Aluminum {Jul 21},New York Commodity Exchange,COMEX
260,ALQ21,Aluminum {Aug 21},New York Commodity Exchange,COMEX
261,ALU21,Aluminum {Sep 21},New York Commodity Exchange,COMEX
262,ALV21,Aluminum {Oct 21},New York Commodity Exchange,COMEX
263,ALX21,Aluminum {Nov 21},New York Commodity Exchange,COMEX
264,ALZ21,Aluminum {Dec 21},New York Commodity Exchange,COMEX
265,HG,High Grade Copper,New York Commodity Exchange,COMEX
266,HG.C,High Grade Copper Continuation,New York Commodity Exchange,COMEX
267,HGF22,High Grade Copper {Jan 22},New York Commodity Exchange,COMEX
268,HGF23,High Grade Copper {Jan 23},New York Commodity Exchange,COMEX
269,HGG21,High Grade Copper {Feb 21},New York Commodity Exchange,COMEX
270,HGG22,High Grade Copper {Feb 22},New York Commodity Exchange,COMEX
271,HGG23,High Grade Copper {Feb 23},New York Commodity Exchange,COMEX
272,HGH21,High Grade Copper {Mar 21},New York Commodity Exchange,COMEX
273,HGH22,High Grade Copper {Mar 22},New York Commodity Exchange,COMEX
274,HGH23,High Grade Copper {Mar 23},New York Commodity Exchange,COMEX
275,HGH24,High Grade Copper {Mar 24},New York Commodity Exchange,COMEX
276,HGH25,High Grade Copper {Mar 25},New York Commodity Exchange,COMEX
277,HGH26,High Grade Copper {Mar 26},New York Commodity Exchange,COMEX
278,HGJ21,High Grade Copper {Apr 21},New York Commodity Exchange,COMEX
279,HGJ22,High Grade Copper {Apr 22},New York Commodity Exchange,COMEX
280,HGK21,High Grade Copper {May 21},New York Commodity Exchange,COMEX
281,HGK22,High Grade Copper {May 22},New York Commodity Exchange,COMEX
282,HGK23,High Grade Copper {May 23},New York Commodity Exchange,COMEX
283,HGK24,High Grade Copper {May 24},New York Commodity Exchange,COMEX
284,HGK25,High Grade Copper {May 25},New York Commodity Exchange,COMEX
285,HGK26,High Grade Copper {May 26},New York Commodity Exchange,COMEX
286,HGM21,High Grade Copper {Jun 21},New York Commodity Exchange,COMEX
287,HGM22,High Grade Copper {Jun 22},New York Commodity Exchange,COMEX
288,HGN21,High Grade Copper {Jul 21},New York Commodity Exchange,COMEX
289,HGN22,High Grade Copper {Jul 22},New York Commodity Exchange,COMEX
290,HGN23,High Grade Copper {Jul 23},New York Commodity Exchange,COMEX
291,HGN24,High Grade Copper {Jul 24},New York Commodity Exchange,COMEX
292,HGN25,High Grade Copper {Jul 25},New York Commodity Exchange,COMEX
293,HGQ21,High Grade Copper {Aug 21},New York Commodity Exchange,COMEX
294,HGQ22,High Grade Copper {Aug 22},New York Commodity Exchange,COMEX
295,HGU21,High Grade Copper {Sep 21},New York Commodity Exchange,COMEX
296,HGU22,High Grade Copper {Sep 22},New York Commodity Exchange,COMEX
297,HGU23,High Grade Copper {Sep 23},New York Commodity Exchange,COMEX
298,HGU24,High Grade Copper {Sep 24},New York Commodity Exchange,COMEX
299,HGU25,High Grade Copper {Sep 25},New York Commodity Exchange,COMEX
300,HGV21,High Grade Copper {Oct 21},New York Commodity Exchange,COMEX
301,HGV22,High Grade Copper {Oct 22},New York Commodity Exchange,COMEX
302,HGX21,High Grade Copper {Nov 21},New York Commodity Exchange,COMEX
303,HGX22,High Grade Copper {Nov 22},New York Commodity Exchange,COMEX
304,HGZ21,High Grade Copper {Dec 21},New York Commodity Exchange,COMEX
305,HGZ22,High Grade Copper {Dec 22},New York Commodity Exchange,COMEX
306,HGZ23,High Grade Copper {Dec 23},New York Commodity Exchange,COMEX
307,HGZ24,High Grade Copper {Dec 24},New York Commodity Exchange,COMEX
308,HGZ25,High Grade Copper {Dec 25},New York Commodity Exchange,COMEX
309,HJ.C,High Grade Copper(F) Continuation,New York Commodity Exchange,COMEX
310,HJF22,High Grade Copper(F) {Jan 22},New York Commodity Exchange,COMEX
311,HJF23,High Grade Copper(F) {Jan 23},New York Commodity Exchange,COMEX
312,HJG21,High Grade Copper(F) {Feb 21},New York Commodity Exchange,COMEX
313,HJG22,High Grade Copper(F) {Feb 22},New York Commodity Exchange,COMEX
314,HJH21,High Grade Copper(F) {Mar 21},New York Commodity Exchange,COMEX
315,HJH22,High Grade Copper(F) {Mar 22},New York Commodity Exchange,COMEX
316,HJH23,High Grade Copper(F) {Mar 23},New York Commodity Exchange,COMEX
317,HJH24,High Grade Copper(F) {Mar 24},New York Commodity Exchange,COMEX
318,HJH25,High Grade Copper(F) {Mar 25},New York Commodity Exchange,COMEX
319,HJJ21,High Grade Copper(F) {Apr 21},New York Commodity Exchange,COMEX
320,HJJ22,High Grade Copper(F) {Apr 22},New York Commodity Exchange,COMEX
321,HJK21,High Grade Copper(F) {May 21},New York Commodity Exchange,COMEX
322,HJK22,High Grade Copper(F) {May 22},New York Commodity Exchange,COMEX
323,HJK23,High Grade Copper(F) {May 23},New York Commodity Exchange,COMEX
324,HJK24,High Grade Copper(F) {May 24},New York Commodity Exchange,COMEX
325,HJK25,High Grade Copper(F) {May 25},New York Commodity Exchange,COMEX
326,HJM21,High Grade Copper(F) {Jun 21},New York Commodity Exchange,COMEX
327,HJM22,High Grade Copper(F) {Jun 22},New York Commodity Exchange,COMEX
328,HJN21,High Grade Copper(F) {Jul 21},New York Commodity Exchange,COMEX
329,HJN22,High Grade Copper(F) {Jul 22},New York Commodity Exchange,COMEX
330,HJN23,High Grade Copper(F) {Jul 23},New York Commodity Exchange,COMEX
331,HJN24,High Grade Copper(F) {Jul 24},New York Commodity Exchange,COMEX
332,HJN25,High Grade Copper(F) {Jul 25},New York Commodity Exchange,COMEX
333,HJQ21,High Grade Copper(F) {Aug 21},New York Commodity Exchange,COMEX
334,HJQ22,High Grade Copper(F) {Aug 22},New York Commodity Exchange,COMEX
335,HJU21,High Grade Copper(F) {Sep 21},New York Commodity Exchange,COMEX
336,HJU22,High Grade Copper(F) {Sep 22},New York Commodity Exchange,COMEX
337,HJU23,High Grade Copper(F) {Sep 23},New York Commodity Exchange,COMEX
338,HJU24,High Grade Copper(F) {Sep 24},New York Commodity Exchange,COMEX
339,HJU25,High Grade Copper(F) {Sep 25},New York Commodity Exchange,COMEX
340,HJV21,High Grade Copper(F) {Oct 21},New York Commodity Exchange,COMEX
341,HJV22,High Grade Copper(F) {Oct 22},New York Commodity Exchange,COMEX
342,HJX21,High Grade Copper(F) {Nov 21},New York Commodity Exchange,COMEX
343,HJX22,High Grade Copper(F) {Nov 22},New York Commodity Exchange,COMEX
344,HJZ21,High Grade Copper(F) {Dec 21},New York Commodity Exchange,COMEX
345,HJZ22,High Grade Copper(F) {Dec 22},New York Commodity Exchange,COMEX
346,HJZ23,High Grade Copper(F) {Dec 23},New York Commodity Exchange,COMEX
347,HJZ24,High Grade Copper(F) {Dec 24},New York Commodity Exchange,COMEX
348,HJZ25,High Grade Copper(F) {Dec 25},New York Commodity Exchange,COMEX
349,HV.C,US Midwest Steel CRU Continuation,New York Commodity Exchange,COMEX
350,HVF22,US Midwest Steel CRU {Jan 22},New York Commodity Exchange,COMEX
351,HVG21,US Midwest Steel CRU {Feb 21},New York Commodity Exchange,COMEX
352,HVG22,US Midwest Steel CRU {Feb 22},New York Commodity Exchange,COMEX
353,HVH21,US Midwest Steel CRU {Mar 21},New York Commodity Exchange,COMEX
354,HVH22,US Midwest Steel CRU {Mar 22},New York Commodity Exchange,COMEX
355,HVJ21,US Midwest Steel CRU {Apr 21},New York Commodity Exchange,COMEX
356,HVJ22,US Midwest Steel CRU {Apr 22},New York Commodity Exchange,COMEX
357,HVK21,US Midwest Steel CRU {May 21},New York Commodity Exchange,COMEX
358,HVK22,US Midwest Steel CRU {May 22},New York Commodity Exchange,COMEX
359,HVM21,US Midwest Steel CRU {Jun 21},New York Commodity Exchange,COMEX
360,HVM22,US Midwest Steel CRU {Jun 22},New York Commodity Exchange,COMEX
361,HVN21,US Midwest Steel CRU {Jul 21},New York Commodity Exchange,COMEX
362,HVQ21,US Midwest Steel CRU {Aug 21},New York Commodity Exchange,COMEX
363,HVU21,US Midwest Steel CRU {Sep 21},New York Commodity Exchange,COMEX
364,HVV21,US Midwest Steel CRU {Oct 21},New York Commodity Exchange,COMEX
365,HVX21,US Midwest Steel CRU {Nov 21},New York Commodity Exchange,COMEX
366,HVX22,US Midwest Steel CRU {Nov 22},New York Commodity Exchange,COMEX
367,HVZ21,US Midwest Steel CRU {Dec 21},New York Commodity Exchange,COMEX
368,AL,Aluminum,New York Commodity Exchange,COMEX
369,AL.C,Aluminum Continuation,New York Commodity Exchange,COMEX
370,ALF22,Aluminum {Jan 22},New York Commodity Exchange,COMEX
371,ALG21,Aluminum {Feb 21},New York Commodity Exchange,COMEX
372,ALG22,Aluminum {Feb 22},New York Commodity Exchange,COMEX
373,ALH21,Aluminum {Mar 21},New York Commodity Exchange,COMEX
374,ALH22,Aluminum {Mar 22},New York Commodity Exchange,COMEX
375,ALJ21,Aluminum {Apr 21},New York Commodity Exchange,COMEX
376,ALK21,Aluminum {May 21},New York Commodity Exchange,COMEX
377,ALM21,Aluminum {Jun 21},New York Commodity Exchange,COMEX
378,ALN21,Aluminum {Jul 21},New York Commodity Exchange,COMEX
379,ALQ21,Aluminum {Aug 21},New York Commodity Exchange,COMEX
380,ALU21,Aluminum {Sep 21},New York Commodity Exchange,COMEX
381,ALV21,Aluminum {Oct 21},New York Commodity Exchange,COMEX
382,ALX21,Aluminum {Nov 21},New York Commodity Exchange,COMEX
383,ALZ21,Aluminum {Dec 21},New York Commodity Exchange,COMEX
384,AL,Aluminum,New York Commodity Exchange,COMEX
385,AL.C,Aluminum Continuation,New York Commodity Exchange,COMEX
386,ALF22,Aluminum {Jan 22},New York Commodity Exchange,COMEX
387,ALG21,Aluminum {Feb 21},New York Commodity Exchange,COMEX
388,ALG22,Aluminum {Feb 22},New York Commodity Exchange,COMEX
389,ALH21,Aluminum {Mar 21},New York Commodity Exchange,COMEX
390,ALH22,Aluminum {Mar 22},New York Commodity Exchange,COMEX
391,ALJ21,Aluminum {Apr 21},New York Commodity Exchange,COMEX
392,ALK21,Aluminum {May 21},New York Commodity Exchange,COMEX
393,ALM21,Aluminum {Jun 21},New York Commodity Exchange,COMEX
394,ALN21,Aluminum {Jul 21},New York Commodity Exchange,COMEX
395,ALQ21,Aluminum {Aug 21},New York Commodity Exchange,COMEX
396,ALU21,Aluminum {Sep 21},New York Commodity Exchange,COMEX
397,ALV21,Aluminum {Oct 21},New York Commodity Exchange,COMEX
398,ALX21,Aluminum {Nov 21},New York Commodity Exchange,COMEX
399,ALZ21,Aluminum {Dec 21},New York Commodity Exchange,COMEX
400,AL,Aluminum,New York Commodity Exchange,COMEX
401,AL.C,Aluminum Continuation,New York Commodity Exchange,COMEX
402,ALF22,Aluminum {Jan 22},New York Commodity Exchange,COMEX
403,ALG21,Aluminum {Feb 21},New York Commodity Exchange,COMEX
404,ALG22,Aluminum {Feb 22},New York Commodity Exchange,COMEX
405,ALH21,Aluminum {Mar 21},New York Commodity Exchange,COMEX
406,ALH22,Aluminum {Mar 22},New York Commodity Exchange,COMEX
407,ALJ21,Aluminum {Apr 21},New York Commodity Exchange,COMEX
408,ALK21,Aluminum {May 21},New York Commodity Exchange,COMEX
409,ALM21,Aluminum {Jun 21},New York Commodity Exchange,COMEX
410,ALN21,Aluminum {Jul 21},New York Commodity Exchange,COMEX
411,ALQ21,Aluminum {Aug 21},New York Commodity Exchange,COMEX
412,ALU21,Aluminum {Sep 21},New York Commodity Exchange,COMEX
413,ALV21,Aluminum {Oct 21},New York Commodity Exchange,COMEX
414,ALX21,Aluminum {Nov 21},New York Commodity Exchange,COMEX
415,ALZ21,Aluminum {Dec 21},New York Commodity Exchange,COMEX
416,AL,Aluminum,New York Commodity Exchange,COMEX
417,AL.C,Aluminum Continuation,New York Commodity Exchange,COMEX
418,ALF22,Aluminum {Jan 22},New York Commodity Exchange,COMEX
419,ALG21,Aluminum {Feb 21},New York Commodity Exchange,COMEX
420,ALG22,Aluminum {Feb 22},New York Commodity Exchange,COMEX
421,ALH21,Aluminum {Mar 21},New York Commodity Exchange,COMEX
422,ALH22,Aluminum {Mar 22},New York Commodity Exchange,COMEX
423,ALJ21,Aluminum {Apr 21},New York Commodity Exchange,COMEX
424,ALK21,Aluminum {May 21},New York Commodity Exchange,COMEX
425,ALM21,Aluminum {Jun 21},New York Commodity Exchange,COMEX
426,ALN21,Aluminum {Jul 21},New York Commodity Exchange,COMEX
427,ALQ21,Aluminum {Aug 21},New York Commodity Exchange,COMEX
428,ALU21,Aluminum {Sep 21},New York Commodity Exchange,COMEX
429,ALV21,Aluminum {Oct 21},New York Commodity Exchange,COMEX
430,ALX21,Aluminum {Nov 21},New York Commodity Exchange,COMEX
431,ALZ21,Aluminum {Dec 21},New York Commodity Exchange,COMEX
432,LD.C,Lead Continuation,New York Commodity Exchange,COMEX
433,LDF22,Lead {Jan 22},New York Commodity Exchange,COMEX
434,LDG21,Lead {Feb 21},New York Commodity Exchange,COMEX
435,LDG22,Lead {Feb 22},New York Commodity Exchange,COMEX
436,LDH21,Lead {Mar 21},New York Commodity Exchange,COMEX
437,LDJ21,Lead {Apr 21},New York Commodity Exchange,COMEX
438,LDK21,Lead {May 21},New York Commodity Exchange,COMEX
439,LDM21,Lead {Jun 21},New York Commodity Exchange,COMEX
440,LDN21,Lead {Jul 21},New York Commodity Exchange,COMEX
441,LDQ21,Lead {Aug 21},New York Commodity Exchange,COMEX
442,LDU21,Lead {Sep 21},New York Commodity Exchange,COMEX
443,LDV21,Lead {Oct 21},New York Commodity Exchange,COMEX
444,LDX21,Lead {Nov 21},New York Commodity Exchange,COMEX
445,LDZ21,Lead {Dec 21},New York Commodity Exchange,COMEX
446,AL,Aluminum,New York Commodity Exchange,COMEX
447,AL.C,Aluminum Continuation,New York Commodity Exchange,COMEX
448,ALF22,Aluminum {Jan 22},New York Commodity Exchange,COMEX
449,ALG21,Aluminum {Feb 21},New York Commodity Exchange,COMEX
450,ALG22,Aluminum {Feb 22},New York Commodity Exchange,COMEX
451,ALH21,Aluminum {Mar 21},New York Commodity Exchange,COMEX
452,ALH22,Aluminum {Mar 22},New York Commodity Exchange,COMEX
453,ALJ21,Aluminum {Apr 21},New York Commodity Exchange,COMEX
454,ALK21,Aluminum {May 21},New York Commodity Exchange,COMEX
455,ALM21,Aluminum {Jun 21},New York Commodity Exchange,COMEX
456,ALN21,Aluminum {Jul 21},New York Commodity Exchange,COMEX
457,ALQ21,Aluminum {Aug 21},New York Commodity Exchange,COMEX
458,ALU21,Aluminum {Sep 21},New York Commodity Exchange,COMEX
459,ALV21,Aluminum {Oct 21},New York Commodity Exchange,COMEX
460,ALX21,Aluminum {Nov 21},New York Commodity Exchange,COMEX
461,ALZ21,Aluminum {Dec 21},New York Commodity Exchange,COMEX
462,AL,Aluminum,New York Commodity Exchange,COMEX
463,AL.C,Aluminum Continuation,New York Commodity Exchange,COMEX
464,ALF22,Aluminum {Jan 22},New York Commodity Exchange,COMEX
465,ALG21,Aluminum {Feb 21},New York Commodity Exchange,COMEX
466,ALG22,Aluminum {Feb 22},New York Commodity Exchange,COMEX
467,ALH21,Aluminum {Mar 21},New York Commodity Exchange,COMEX
468,ALH22,Aluminum {Mar 22},New York Commodity Exchange,COMEX
469,ALJ21,Aluminum {Apr 21},New York Commodity Exchange,COMEX
470,ALK21,Aluminum {May 21},New York Commodity Exchange,COMEX
471,ALM21,Aluminum {Jun 21},New York Commodity Exchange,COMEX
472,ALN21,Aluminum {Jul 21},New York Commodity Exchange,COMEX
473,ALQ21,Aluminum {Aug 21},New York Commodity Exchange,COMEX
474,ALU21,Aluminum {Sep 21},New York Commodity Exchange,COMEX
475,ALV21,Aluminum {Oct 21},New York Commodity Exchange,COMEX
476,ALX21,Aluminum {Nov 21},New York Commodity Exchange,COMEX
477,ALZ21,Aluminum {Dec 21},New York Commodity Exchange,COMEX
478,AL,Aluminum,New York Commodity Exchange,COMEX
479,AL.C,Aluminum Continuation,New York Commodity Exchange,COMEX
480,ALF22,Aluminum {Jan 22},New York Commodity Exchange,COMEX
481,ALG21,Aluminum {Feb 21},New York Commodity Exchange,COMEX
482,ALG22,Aluminum {Feb 22},New York Commodity Exchange,COMEX
483,ALH21,Aluminum {Mar 21},New York Commodity Exchange,COMEX
484,ALH22,Aluminum {Mar 22},New York Commodity Exchange,COMEX
485,ALJ21,Aluminum {Apr 21},New York Commodity Exchange,COMEX
486,ALK21,Aluminum {May 21},New York Commodity Exchange,COMEX
487,ALM21,Aluminum {Jun 21},New York Commodity Exchange,COMEX
488,ALN21,Aluminum {Jul 21},New York Commodity Exchange,COMEX
489,ALQ21,Aluminum {Aug 21},New York Commodity Exchange,COMEX
490,ALU21,Aluminum {Sep 21},New York Commodity Exchange,COMEX
491,ALV21,Aluminum {Oct 21},New York Commodity Exchange,COMEX
492,ALX21,Aluminum {Nov 21},New York Commodity Exchange,COMEX
493,ALZ21,Aluminum {Dec 21},New York Commodity Exchange,COMEX
494,AL,Aluminum,New York Commodity Exchange,COMEX
495,AL.C,Aluminum Continuation,New York Commodity Exchange,COMEX
496,ALF22,Aluminum {Jan 22},New York Commodity Exchange,COMEX
497,ALG21,Aluminum {Feb 21},New York Commodity Exchange,COMEX
498,ALG22,Aluminum {Feb 22},New York Commodity Exchange,COMEX
499,ALH21,Aluminum {Mar 21},New York Commodity Exchange,COMEX
500,ALH22,Aluminum {Mar 22},New York Commodity Exchange,COMEX
501,ALJ21,Aluminum {Apr 21},New York Commodity Exchange,COMEX
502,ALK21,Aluminum {May 21},New York Commodity Exchange,COMEX
503,ALM21,Aluminum {Jun 21},New York Commodity Exchange,COMEX
504,ALN21,Aluminum {Jul 21},New York Commodity Exchange,COMEX
505,ALQ21,Aluminum {Aug 21},New York Commodity Exchange,COMEX
506,ALU21,Aluminum {Sep 21},New York Commodity Exchange,COMEX
507,ALV21,Aluminum {Oct 21},New York Commodity Exchange,COMEX
508,ALX21,Aluminum {Nov 21},New York Commodity Exchange,COMEX
509,ALZ21,Aluminum {Dec 21},New York Commodity Exchange,COMEX
510,QC.C,Copper Mini Continuation,New York Commodity Exchange,COMEX
511,QCF22,Copper Mini {Jan 22},New York Commodity Exchange,COMEX
512,QCF23,Copper Mini {Jan 23},New York Commodity Exchange,COMEX
513,QCG22,Copper Mini {Feb 22},New York Commodity Exchange,COMEX
514,QCG23,Copper Mini {Feb 23},New York Commodity Exchange,COMEX
515,QCH21,Copper Mini {Mar 21},New York Commodity Exchange,COMEX
516,QCH22,Copper Mini {Mar 22},New York Commodity Exchange,COMEX
517,QCH23,Copper Mini {Mar 23},New York Commodity Exchange,COMEX
518,QCH24,Copper Mini {Mar 24},New York Commodity Exchange,COMEX
519,QCH25,Copper Mini {Mar 25},New York Commodity Exchange,COMEX
520,QCJ21,Copper Mini {Apr 21},New York Commodity Exchange,COMEX
521,QCJ22,Copper Mini {Apr 22},New York Commodity Exchange,COMEX
522,QCK21,Copper Mini {May 21},New York Commodity Exchange,COMEX
523,QCK22,Copper Mini {May 22},New York Commodity Exchange,COMEX
524,QCK23,Copper Mini {May 23},New York Commodity Exchange,COMEX
525,QCK24,Copper Mini {May 24},New York Commodity Exchange,COMEX
526,QCK25,Copper Mini {May 25},New York Commodity Exchange,COMEX
527,QCM21,Copper Mini {Jun 21},New York Commodity Exchange,COMEX
528,QCM22,Copper Mini {Jun 22},New York Commodity Exchange,COMEX
529,QCN21,Copper Mini {Jul 21},New York Commodity Exchange,COMEX
530,QCN22,Copper Mini {Jul 22},New York Commodity Exchange,COMEX
531,QCN23,Copper Mini {Jul 23},New York Commodity Exchange,COMEX
532,QCN24,Copper Mini {Jul 24},New York Commodity Exchange,COMEX
533,QCN25,Copper Mini {Jul 25},New York Commodity Exchange,COMEX
534,QCQ21,Copper Mini {Aug 21},New York Commodity Exchange,COMEX
535,QCQ22,Copper Mini {Aug 22},New York Commodity Exchange,COMEX
536,QCU21,Copper Mini {Sep 21},New York Commodity Exchange,COMEX
537,QCU22,Copper Mini {Sep 22},New York Commodity Exchange,COMEX
538,QCU23,Copper Mini {Sep 23},New York Commodity Exchange,COMEX
539,QCU24,Copper Mini {Sep 24},New York Commodity Exchange,COMEX
540,QCU25,Copper Mini {Sep 25},New York Commodity Exchange,COMEX
541,QCV21,Copper Mini {Oct 21},New York Commodity Exchange,COMEX
542,QCV22,Copper Mini {Oct 22},New York Commodity Exchange,COMEX
543,QCX21,Copper Mini {Nov 21},New York Commodity Exchange,COMEX
544,QCX22,Copper Mini {Nov 22},New York Commodity Exchange,COMEX
545,QCZ21,Copper Mini {Dec 21},New York Commodity Exchange,COMEX
546,QCZ22,Copper Mini {Dec 22},New York Commodity Exchange,COMEX
547,QCZ23,Copper Mini {Dec 23},New York Commodity Exchange,COMEX
548,QCZ24,Copper Mini {Dec 24},New York Commodity Exchange,COMEX
549,QCZ25,Copper Mini {Dec 25},New York Commodity Exchange,COMEX
550,QI.C,Silver Mini Continuation,New York Commodity Exchange,COMEX
551,QIF22,Silver Mini {Jan 22},New York Commodity Exchange,COMEX
552,QIF23,Silver Mini {Jan 23},New York Commodity Exchange,COMEX
553,QIH21,Silver Mini {Mar 21},New York Commodity Exchange,COMEX
554,QIH22,Silver Mini {Mar 22},New York Commodity Exchange,COMEX
555,QIK21,Silver Mini {May 21},New York Commodity Exchange,COMEX
556,QIK22,Silver Mini {May 22},New York Commodity Exchange,COMEX
557,QIN21,Silver Mini {Jul 21},New York Commodity Exchange,COMEX
558,QIN22,Silver Mini {Jul 22},New York Commodity Exchange,COMEX
559,QIU21,Silver Mini {Sep 21},New York Commodity Exchange,COMEX
560,QIU22,Silver Mini {Sep 22},New York Commodity Exchange,COMEX
561,QIZ21,Silver Mini {Dec 21},New York Commodity Exchange,COMEX
562,QIZ22,Silver Mini {Dec 22},New York Commodity Exchange,COMEX
563,QO.C,Gold Mini Continuation,New York Commodity Exchange,COMEX
564,QOG22,Gold Mini {Feb 22},New York Commodity Exchange,COMEX
565,QOJ21,Gold Mini {Apr 21},New York Commodity Exchange,COMEX
566,QOJ22,Gold Mini {Apr 22},New York Commodity Exchange,COMEX
567,QOM21,Gold Mini {Jun 21},New York Commodity Exchange,COMEX
568,QOM22,Gold Mini {Jun 22},New York Commodity Exchange,COMEX
569,QOQ21,Gold Mini {Aug 21},New York Commodity Exchange,COMEX
570,QOQ22,Gold Mini {Aug 22},New York Commodity Exchange,COMEX
571,QOV21,Gold Mini {Oct 21},New York Commodity Exchange,COMEX
572,QOV22,Gold Mini {Oct 22},New York Commodity Exchange,COMEX
573,QOZ21,Gold Mini {Dec 21},New York Commodity Exchange,COMEX
574,QOZ22,Gold Mini {Dec 22},New York Commodity Exchange,COMEX
575,AL,Aluminum,New York Commodity Exchange,COMEX
576,AL.C,Aluminum Continuation,New York Commodity Exchange,COMEX
577,ALF22,Aluminum {Jan 22},New York Commodity Exchange,COMEX
578,ALG21,Aluminum {Feb 21},New York Commodity Exchange,COMEX
579,ALG22,Aluminum {Feb 22},New York Commodity Exchange,COMEX
580,ALH21,Aluminum {Mar 21},New York Commodity Exchange,COMEX
581,ALH22,Aluminum {Mar 22},New York Commodity Exchange,COMEX
582,ALJ21,Aluminum {Apr 21},New York Commodity Exchange,COMEX
583,ALK21,Aluminum {May 21},New York Commodity Exchange,COMEX
584,ALM21,Aluminum {Jun 21},New York Commodity Exchange,COMEX
585,ALN21,Aluminum {Jul 21},New York Commodity Exchange,COMEX
586,ALQ21,Aluminum {Aug 21},New York Commodity Exchange,COMEX
587,ALU21,Aluminum {Sep 21},New York Commodity Exchange,COMEX
588,ALV21,Aluminum {Oct 21},New York Commodity Exchange,COMEX
589,ALX21,Aluminum {Nov 21},New York Commodity Exchange,COMEX
590,ALZ21,Aluminum {Dec 21},New York Commodity Exchange,COMEX
591,AL,Aluminum,New York Commodity Exchange,COMEX
592,AL.C,Aluminum Continuation,New York Commodity Exchange,COMEX
593,ALF22,Aluminum {Jan 22},New York Commodity Exchange,COMEX
594,ALG21,Aluminum {Feb 21},New York Commodity Exchange,COMEX
595,ALG22,Aluminum {Feb 22},New York Commodity Exchange,COMEX
596,ALH21,Aluminum {Mar 21},New York Commodity Exchange,COMEX
597,ALH22,Aluminum {Mar 22},New York Commodity Exchange,COMEX
598,ALJ21,Aluminum {Apr 21},New York Commodity Exchange,COMEX
599,ALK21,Aluminum {May 21},New York Commodity Exchange,COMEX
600,ALM21,Aluminum {Jun 21},New York Commodity Exchange,COMEX
601,ALN21,Aluminum {Jul 21},New York Commodity Exchange,COMEX
602,ALQ21,Aluminum {Aug 21},New York Commodity Exchange,COMEX
603,ALU21,Aluminum {Sep 21},New York Commodity Exchange,COMEX
604,ALV21,Aluminum {Oct 21},New York Commodity Exchange,COMEX
605,ALX21,Aluminum {Nov 21},New York Commodity Exchange,COMEX
606,ALZ21,Aluminum {Dec 21},New York Commodity Exchange,COMEX
607,AL,Aluminum,New York Commodity Exchange,COMEX
608,AL.C,Aluminum Continuation,New York Commodity Exchange,COMEX
609,ALF22,Aluminum {Jan 22},New York Commodity Exchange,COMEX
610,ALG21,Aluminum {Feb 21},New York Commodity Exchange,COMEX
611,ALG22,Aluminum {Feb 22},New York Commodity Exchange,COMEX
612,ALH21,Aluminum {Mar 21},New York Commodity Exchange,COMEX
613,ALH22,Aluminum {Mar 22},New York Commodity Exchange,COMEX
614,ALJ21,Aluminum {Apr 21},New York Commodity Exchange,COMEX
615,ALK21,Aluminum {May 21},New York Commodity Exchange,COMEX
616,ALM21,Aluminum {Jun 21},New York Commodity Exchange,COMEX
617,ALN21,Aluminum {Jul 21},New York Commodity Exchange,COMEX
618,ALQ21,Aluminum {Aug 21},New York Commodity Exchange,COMEX
619,ALU21,Aluminum {Sep 21},New York Commodity Exchange,COMEX
620,ALV21,Aluminum {Oct 21},New York Commodity Exchange,COMEX
621,ALX21,Aluminum {Nov 21},New York Commodity Exchange,COMEX
622,ALZ21,Aluminum {Dec 21},New York Commodity Exchange,COMEX
623,AL,Aluminum,New York Commodity Exchange,COMEX
624,AL.C,Aluminum Continuation,New York Commodity Exchange,COMEX
625,ALF22,Aluminum {Jan 22},New York Commodity Exchange,COMEX
626,ALG21,Aluminum {Feb 21},New York Commodity Exchange,COMEX
627,ALG22,Aluminum {Feb 22},New York Commodity Exchange,COMEX
628,ALH21,Aluminum {Mar 21},New York Commodity Exchange,COMEX
629,ALH22,Aluminum {Mar 22},New York Commodity Exchange,COMEX
630,ALJ21,Aluminum {Apr 21},New York Commodity Exchange,COMEX
631,ALK21,Aluminum {May 21},New York Commodity Exchange,COMEX
632,ALM21,Aluminum {Jun 21},New York Commodity Exchange,COMEX
633,ALN21,Aluminum {Jul 21},New York Commodity Exchange,COMEX
634,ALQ21,Aluminum {Aug 21},New York Commodity Exchange,COMEX
635,ALU21,Aluminum {Sep 21},New York Commodity Exchange,COMEX
636,ALV21,Aluminum {Oct 21},New York Commodity Exchange,COMEX
637,ALX21,Aluminum {Nov 21},New York Commodity Exchange,COMEX
638,ALZ21,Aluminum {Dec 21},New York Commodity Exchange,COMEX
639,SI,Silver,New York Commodity Exchange,COMEX
640,SI.C,Silver Continuation,New York Commodity Exchange,COMEX
641,SIF22,Silver {Jan 22},New York Commodity Exchange,COMEX
642,SIF23,Silver {Jan 23},New York Commodity Exchange,COMEX
643,SIG21,Silver {Feb 21},New York Commodity Exchange,COMEX
644,SIH21,Silver {Mar 21},New York Commodity Exchange,COMEX
645,SIH22,Silver {Mar 22},New York Commodity Exchange,COMEX
646,SIJ21,Silver {Apr 21},New York Commodity Exchange,COMEX
647,SIK21,Silver {May 21},New York Commodity Exchange,COMEX
648,SIK22,Silver {May 22},New York Commodity Exchange,COMEX
649,SIN21,Silver {Jul 21},New York Commodity Exchange,COMEX
650,SIN22,Silver {Jul 22},New York Commodity Exchange,COMEX
651,SIN23,Silver {Jul 23},New York Commodity Exchange,COMEX
652,SIN24,Silver {Jul 24},New York Commodity Exchange,COMEX
653,SIN25,Silver {Jul 25},New York Commodity Exchange,COMEX
654,SIU21,Silver {Sep 21},New York Commodity Exchange,COMEX
655,SIU22,Silver {Sep 22},New York Commodity Exchange,COMEX
656,SIZ21,Silver {Dec 21},New York Commodity Exchange,COMEX
657,SIZ22,Silver {Dec 22},New York Commodity Exchange,COMEX
658,SIZ23,Silver {Dec 23},New York Commodity Exchange,COMEX
659,SIZ24,Silver {Dec 24},New York Commodity Exchange,COMEX
660,SIZ25,Silver {Dec 25},New York Commodity Exchange,COMEX
661,SO.C,Silver Micro Continuation,New York Commodity Exchange,COMEX
662,SOF22,Silver Micro {Jan 22},New York Commodity Exchange,COMEX
663,SOG21,Silver Micro {Feb 21},New York Commodity Exchange,COMEX
664,SOH21,Silver Micro {Mar 21},New York Commodity Exchange,COMEX
665,SOJ21,Silver Micro {Apr 21},New York Commodity Exchange,COMEX
666,SOK21,Silver Micro {May 21},New York Commodity Exchange,COMEX
667,SON21,Silver Micro {Jul 21},New York Commodity Exchange,COMEX
668,SOU21,Silver Micro {Sep 21},New York Commodity Exchange,COMEX
669,SOZ21,Silver Micro {Dec 21},New York Commodity Exchange,COMEX
670,AL,Aluminum,New York Commodity Exchange,COMEX
671,AL.C,Aluminum Continuation,New York Commodity Exchange,COMEX
672,ALF22,Aluminum {Jan 22},New York Commodity Exchange,COMEX
673,ALG21,Aluminum {Feb 21},New York Commodity Exchange,COMEX
674,ALG22,Aluminum {Feb 22},New York Commodity Exchange,COMEX
675,ALH21,Aluminum {Mar 21},New York Commodity Exchange,COMEX
676,ALH22,Aluminum {Mar 22},New York Commodity Exchange,COMEX
677,ALJ21,Aluminum {Apr 21},New York Commodity Exchange,COMEX
678,ALK21,Aluminum {May 21},New York Commodity Exchange,COMEX
679,ALM21,Aluminum {Jun 21},New York Commodity Exchange,COMEX
680,ALN21,Aluminum {Jul 21},New York Commodity Exchange,COMEX
681,ALQ21,Aluminum {Aug 21},New York Commodity Exchange,COMEX
682,ALU21,Aluminum {Sep 21},New York Commodity Exchange,COMEX
683,ALV21,Aluminum {Oct 21},New York Commodity Exchange,COMEX
684,ALX21,Aluminum {Nov 21},New York Commodity Exchange,COMEX
685,ALZ21,Aluminum {Dec 21},New York Commodity Exchange,COMEX
686,AL,Aluminum,New York Commodity Exchange,COMEX
687,AL.C,Aluminum Continuation,New York Commodity Exchange,COMEX
688,ALF22,Aluminum {Jan 22},New York Commodity Exchange,COMEX
689,ALG21,Aluminum {Feb 21},New York Commodity Exchange,COMEX
690,ALG22,Aluminum {Feb 22},New York Commodity Exchange,COMEX
691,ALH21,Aluminum {Mar 21},New York Commodity Exchange,COMEX
692,ALH22,Aluminum {Mar 22},New York Commodity Exchange,COMEX
693,ALJ21,Aluminum {Apr 21},New York Commodity Exchange,COMEX
694,ALK21,Aluminum {May 21},New York Commodity Exchange,COMEX
695,ALM21,Aluminum {Jun 21},New York Commodity Exchange,COMEX
696,ALN21,Aluminum {Jul 21},New York Commodity Exchange,COMEX
697,ALQ21,Aluminum {Aug 21},New York Commodity Exchange,COMEX
698,ALU21,Aluminum {Sep 21},New York Commodity Exchange,COMEX
699,ALV21,Aluminum {Oct 21},New York Commodity Exchange,COMEX
700,ALX21,Aluminum {Nov 21},New York Commodity Exchange,COMEX
701,ALZ21,Aluminum {Dec 21},New York Commodity Exchange,COMEX
702,AL,Aluminum,New York Commodity Exchange,COMEX
703,AL.C,Aluminum Continuation,New York Commodity Exchange,COMEX
704,ALF22,Aluminum {Jan 22},New York Commodity Exchange,COMEX
705,ALG21,Aluminum {Feb 21},New York Commodity Exchange,COMEX
706,ALG22,Aluminum {Feb 22},New York Commodity Exchange,COMEX
707,ALH21,Aluminum {Mar 21},New York Commodity Exchange,COMEX
708,ALH22,Aluminum {Mar 22},New York Commodity Exchange,COMEX
709,ALJ21,Aluminum {Apr 21},New York Commodity Exchange,COMEX
710,ALK21,Aluminum {May 21},New York Commodity Exchange,COMEX
711,ALM21,Aluminum {Jun 21},New York Commodity Exchange,COMEX
712,ALN21,Aluminum {Jul 21},New York Commodity Exchange,COMEX
713,ALQ21,Aluminum {Aug 21},New York Commodity Exchange,COMEX
714,ALU21,Aluminum {Sep 21},New York Commodity Exchange,COMEX
715,ALV21,Aluminum {Oct 21},New York Commodity Exchange,COMEX
716,ALX21,Aluminum {Nov 21},New York Commodity Exchange,COMEX
717,ALZ21,Aluminum {Dec 21},New York Commodity Exchange,COMEX
718,AL,Aluminum,New York Commodity Exchange,COMEX
719,AL.C,Aluminum Continuation,New York Commodity Exchange,COMEX
720,ALF22,Aluminum {Jan 22},New York Commodity Exchange,COMEX
721,ALG21,Aluminum {Feb 21},New York Commodity Exchange,COMEX
722,ALG22,Aluminum {Feb 22},New York Commodity Exchange,COMEX
723,ALH21,Aluminum {Mar 21},New York Commodity Exchange,COMEX
724,ALH22,Aluminum {Mar 22},New York Commodity Exchange,COMEX
725,ALJ21,Aluminum {Apr 21},New York Commodity Exchange,COMEX
726,ALK21,Aluminum {May 21},New York Commodity Exchange,COMEX
727,ALM21,Aluminum {Jun 21},New York Commodity Exchange,COMEX
728,ALN21,Aluminum {Jul 21},New York Commodity Exchange,COMEX
729,ALQ21,Aluminum {Aug 21},New York Commodity Exchange,COMEX
730,ALU21,Aluminum {Sep 21},New York Commodity Exchange,COMEX
731,ALV21,Aluminum {Oct 21},New York Commodity Exchange,COMEX
732,ALX21,Aluminum {Nov 21},New York Commodity Exchange,COMEX
733,ALZ21,Aluminum {Dec 21},New York Commodity Exchange,COMEX
734,TR,Iron Ore 62% Fe CFR,New York Commodity Exchange,COMEX
735,TR.C,Iron Ore 62% Fe CFR Continuation,New York Commodity Exchange,COMEX
736,TRG21,Iron Ore 62% Fe CFR {Feb 21},New York Commodity Exchange,COMEX
737,TRH21,Iron Ore 62% Fe CFR {Mar 21},New York Commodity Exchange,COMEX
738,TRJ21,Iron Ore 62% Fe CFR {Apr 21},New York Commodity Exchange,COMEX
739,TRK21,Iron Ore 62% Fe CFR {May 21},New York Commodity Exchange,COMEX
740,TRM21,Iron Ore 62% Fe CFR {Jun 21},New York Commodity Exchange,COMEX
741,TRN21,Iron Ore 62% Fe CFR {Jul 21},New York Commodity Exchange,COMEX
742,TRQ21,Iron Ore 62% Fe CFR {Aug 21},New York Commodity Exchange,COMEX
743,TRU21,Iron Ore 62% Fe CFR {Sep 21},New York Commodity Exchange,COMEX
744,TRV21,Iron Ore 62% Fe CFR {Oct 21},New York Commodity Exchange,COMEX
745,TRX21,Iron Ore 62% Fe CFR {Nov 21},New York Commodity Exchange,COMEX
746,TRZ21,Iron Ore 62% Fe CFR {Dec 21},New York Commodity Exchange,COMEX
747,AL,Aluminum,New York Commodity Exchange,COMEX
748,AL.C,Aluminum Continuation,New York Commodity Exchange,COMEX
749,ALF22,Aluminum {Jan 22},New York Commodity Exchange,COMEX
750,ALG21,Aluminum {Feb 21},New York Commodity Exchange,COMEX
751,ALG22,Aluminum {Feb 22},New York Commodity Exchange,COMEX
752,ALH21,Aluminum {Mar 21},New York Commodity Exchange,COMEX
753,ALH22,Aluminum {Mar 22},New York Commodity Exchange,COMEX
754,ALJ21,Aluminum {Apr 21},New York Commodity Exchange,COMEX
755,ALK21,Aluminum {May 21},New York Commodity Exchange,COMEX
756,ALM21,Aluminum {Jun 21},New York Commodity Exchange,COMEX
757,ALN21,Aluminum {Jul 21},New York Commodity Exchange,COMEX
758,ALQ21,Aluminum {Aug 21},New York Commodity Exchange,COMEX
759,ALU21,Aluminum {Sep 21},New York Commodity Exchange,COMEX
760,ALV21,Aluminum {Oct 21},New York Commodity Exchange,COMEX
761,ALX21,Aluminum {Nov 21},New York Commodity Exchange,COMEX
762,ALZ21,Aluminum {Dec 21},New York Commodity Exchange,COMEX
763,AL,Aluminum,New York Commodity Exchange,COMEX
764,AL.C,Aluminum Continuation,New York Commodity Exchange,COMEX
765,ALF22,Aluminum {Jan 22},New York Commodity Exchange,COMEX
766,ALG21,Aluminum {Feb 21},New York Commodity Exchange,COMEX
767,ALG22,Aluminum {Feb 22},New York Commodity Exchange,COMEX
768,ALH21,Aluminum {Mar 21},New York Commodity Exchange,COMEX
769,ALH22,Aluminum {Mar 22},New York Commodity Exchange,COMEX
770,ALJ21,Aluminum {Apr 21},New York Commodity Exchange,COMEX
771,ALK21,Aluminum {May 21},New York Commodity Exchange,COMEX
772,ALM21,Aluminum {Jun 21},New York Commodity Exchange,COMEX
773,ALN21,Aluminum {Jul 21},New York Commodity Exchange,COMEX
774,ALQ21,Aluminum {Aug 21},New York Commodity Exchange,COMEX
775,ALU21,Aluminum {Sep 21},New York Commodity Exchange,COMEX
776,ALV21,Aluminum {Oct 21},New York Commodity Exchange,COMEX
777,ALX21,Aluminum {Nov 21},New York Commodity Exchange,COMEX
778,ALZ21,Aluminum {Dec 21},New York Commodity Exchange,COMEX
779,AL,Aluminum,New York Commodity Exchange,COMEX
780,AL.C,Aluminum Continuation,New York Commodity Exchange,COMEX
781,ALF22,Aluminum {Jan 22},New York Commodity Exchange,COMEX
782,ALG21,Aluminum {Feb 21},New York Commodity Exchange,COMEX
783,ALG22,Aluminum {Feb 22},New York Commodity Exchange,COMEX
784,ALH21,Aluminum {Mar 21},New York Commodity Exchange,COMEX
785,ALH22,Aluminum {Mar 22},New York Commodity Exchange,COMEX
786,ALJ21,Aluminum {Apr 21},New York Commodity Exchange,COMEX
787,ALK21,Aluminum {May 21},New York Commodity Exchange,COMEX
788,ALM21,Aluminum {Jun 21},New York Commodity Exchange,COMEX
789,ALN21,Aluminum {Jul 21},New York Commodity Exchange,COMEX
790,ALQ21,Aluminum {Aug 21},New York Commodity Exchange,COMEX
791,ALU21,Aluminum {Sep 21},New York Commodity Exchange,COMEX
792,ALV21,Aluminum {Oct 21},New York Commodity Exchange,COMEX
793,ALX21,Aluminum {Nov 21},New York Commodity Exchange,COMEX
794,ALZ21,Aluminum {Dec 21},New York Commodity Exchange,COMEX
795,AL,Aluminum,New York Commodity Exchange,COMEX
796,AL.C,Aluminum Continuation,New York Commodity Exchange,COMEX
797,ALF22,Aluminum {Jan 22},New York Commodity Exchange,COMEX
798,ALG21,Aluminum {Feb 21},New York Commodity Exchange,COMEX
799,ALG22,Aluminum {Feb 22},New York Commodity Exchange,COMEX
800,ALH21,Aluminum {Mar 21},New York Commodity Exchange,COMEX
801,ALH22,Aluminum {Mar 22},New York Commodity Exchange,COMEX
802,ALJ21,Aluminum {Apr 21},New York Commodity Exchange,COMEX
803,ALK21,Aluminum {May 21},New York Commodity Exchange,COMEX
804,ALM21,Aluminum {Jun 21},New York Commodity Exchange,COMEX
805,ALN21,Aluminum {Jul 21},New York Commodity Exchange,COMEX
806,ALQ21,Aluminum {Aug 21},New York Commodity Exchange,COMEX
807,ALU21,Aluminum {Sep 21},New York Commodity Exchange,COMEX
808,ALV21,Aluminum {Oct 21},New York Commodity Exchange,COMEX
809,ALX21,Aluminum {Nov 21},New York Commodity Exchange,COMEX
810,ALZ21,Aluminum {Dec 21},New York Commodity Exchange,COMEX
811,UX.C,Uranium Continuation,New York Commodity Exchange,COMEX
812,UXG23,Uranium {Feb 23},New York Commodity Exchange,COMEX
813,UXH23,Uranium {Mar 23},New York Commodity Exchange,COMEX
814,UXQ21,Uranium {Aug 21},New York Commodity Exchange,COMEX
815,UXU21,Uranium {Sep 21},New York Commodity Exchange,COMEX
816,AL,Aluminum,New York Commodity Exchange,COMEX
817,AL.C,Aluminum Continuation,New York Commodity Exchange,COMEX
818,ALF22,Aluminum {Jan 22},New York Commodity Exchange,COMEX
819,ALG21,Aluminum {Feb 21},New York Commodity Exchange,COMEX
820,ALG22,Aluminum {Feb 22},New York Commodity Exchange,COMEX
821,ALH21,Aluminum {Mar 21},New York Commodity Exchange,COMEX
822,ALH22,Aluminum {Mar 22},New York Commodity Exchange,COMEX
823,ALJ21,Aluminum {Apr 21},New York Commodity Exchange,COMEX
824,ALK21,Aluminum {May 21},New York Commodity Exchange,COMEX
825,ALM21,Aluminum {Jun 21},New York Commodity Exchange,COMEX
826,ALN21,Aluminum {Jul 21},New York Commodity Exchange,COMEX
827,ALQ21,Aluminum {Aug 21},New York Commodity Exchange,COMEX
828,ALU21,Aluminum {Sep 21},New York Commodity Exchange,COMEX
829,ALV21,Aluminum {Oct 21},New York Commodity Exchange,COMEX
830,ALX21,Aluminum {Nov 21},New York Commodity Exchange,COMEX
831,ALZ21,Aluminum {Dec 21},New York Commodity Exchange,COMEX
832,AL,Aluminum,New York Commodity Exchange,COMEX
833,AL.C,Aluminum Continuation,New York Commodity Exchange,COMEX
834,ALF22,Aluminum {Jan 22},New York Commodity Exchange,COMEX
835,ALG21,Aluminum {Feb 21},New York Commodity Exchange,COMEX
836,ALG22,Aluminum {Feb 22},New York Commodity Exchange,COMEX
837,ALH21,Aluminum {Mar 21},New York Commodity Exchange,COMEX
838,ALH22,Aluminum {Mar 22},New York Commodity Exchange,COMEX
839,ALJ21,Aluminum {Apr 21},New York Commodity Exchange,COMEX
840,ALK21,Aluminum {May 21},New York Commodity Exchange,COMEX
841,ALM21,Aluminum {Jun 21},New York Commodity Exchange,COMEX
842,ALN21,Aluminum {Jul 21},New York Commodity Exchange,COMEX
843,ALQ21,Aluminum {Aug 21},New York Commodity Exchange,COMEX
844,ALU21,Aluminum {Sep 21},New York Commodity Exchange,COMEX
845,ALV21,Aluminum {Oct 21},New York Commodity Exchange,COMEX
846,ALX21,Aluminum {Nov 21},New York Commodity Exchange,COMEX
847,ALZ21,Aluminum {Dec 21},New York Commodity Exchange,COMEX
848,AL,Aluminum,New York Commodity Exchange,COMEX
849,AL.C,Aluminum Continuation,New York Commodity Exchange,COMEX
850,ALF22,Aluminum {Jan 22},New York Commodity Exchange,COMEX
851,ALG21,Aluminum {Feb 21},New York Commodity Exchange,COMEX
852,ALG22,Aluminum {Feb 22},New York Commodity Exchange,COMEX
853,ALH21,Aluminum {Mar 21},New York Commodity Exchange,COMEX
854,ALH22,Aluminum {Mar 22},New York Commodity Exchange,COMEX
855,ALJ21,Aluminum {Apr 21},New York Commodity Exchange,COMEX
856,ALK21,Aluminum {May 21},New York Commodity Exchange,COMEX
857,ALM21,Aluminum {Jun 21},New York Commodity Exchange,COMEX
858,ALN21,Aluminum {Jul 21},New York Commodity Exchange,COMEX
859,ALQ21,Aluminum {Aug 21},New York Commodity Exchange,COMEX
860,ALU21,Aluminum {Sep 21},New York Commodity Exchange,COMEX
861,ALV21,Aluminum {Oct 21},New York Commodity Exchange,COMEX
862,ALX21,Aluminum {Nov 21},New York Commodity Exchange,COMEX
863,ALZ21,Aluminum {Dec 21},New York Commodity Exchange,COMEX
864,AL,Aluminum,New York Commodity Exchange,COMEX
865,AL.C,Aluminum Continuation,New York Commodity Exchange,COMEX
866,ALF22,Aluminum {Jan 22},New York Commodity Exchange,COMEX
867,ALG21,Aluminum {Feb 21},New York Commodity Exchange,COMEX
868,ALG22,Aluminum {Feb 22},New York Commodity Exchange,COMEX
869,ALH21,Aluminum {Mar 21},New York Commodity Exchange,COMEX
870,ALH22,Aluminum {Mar 22},New York Commodity Exchange,COMEX
871,ALJ21,Aluminum {Apr 21},New York Commodity Exchange,COMEX
872,ALK21,Aluminum {May 21},New York Commodity Exchange,COMEX
873,ALM21,Aluminum {Jun 21},New York Commodity Exchange,COMEX
874,ALN21,Aluminum {Jul 21},New York Commodity Exchange,COMEX
875,ALQ21,Aluminum {Aug 21},New York Commodity Exchange,COMEX
876,ALU21,Aluminum {Sep 21},New York Commodity Exchange,COMEX
877,ALV21,Aluminum {Oct 21},New York Commodity Exchange,COMEX
878,ALX21,Aluminum {Nov 21},New York Commodity Exchange,COMEX
879,ALZ21,Aluminum {Dec 21},New York Commodity Exchange,COMEX
880,ZA.C,Zinc Continuation,New York Commodity Exchange,COMEX
881,ZAF22,Zinc {Jan 22},New York Commodity Exchange,COMEX
882,ZAG21,Zinc {Feb 21},New York Commodity Exchange,COMEX
883,ZAG22,Zinc {Feb 22},New York Commodity Exchange,COMEX
884,ZAH21,Zinc {Mar 21},New York Commodity Exchange,COMEX
885,ZAJ21,Zinc {Apr 21},New York Commodity Exchange,COMEX
886,ZAK21,Zinc {May 21},New York Commodity Exchange,COMEX
887,ZAM21,Zinc {Jun 21},New York Commodity Exchange,COMEX
888,ZAN21,Zinc {Jul 21},New York Commodity Exchange,COMEX
889,ZAQ21,Zinc {Aug 21},New York Commodity Exchange,COMEX
890,ZAU21,Zinc {Sep 21},New York Commodity Exchange,COMEX
891,ZAV21,Zinc {Oct 21},New York Commodity Exchange,COMEX
892,ZAX21,Zinc {Nov 21},New York Commodity Exchange,COMEX
893,ZAZ21,Zinc {Dec 21},New York Commodity Exchange,COMEX
894,AL,Aluminum,New York Commodity Exchange,COMEX
895,AL.C,Aluminum Continuation,New York Commodity Exchange,COMEX
896,ALF22,Aluminum {Jan 22},New York Commodity Exchange,COMEX
897,ALG21,Aluminum {Feb 21},New York Commodity Exchange,COMEX
898,ALG22,Aluminum {Feb 22},New York Commodity Exchange,COMEX
899,ALH21,Aluminum {Mar 21},New York Commodity Exchange,COMEX
900,ALH22,Aluminum {Mar 22},New York Commodity Exchange,COMEX
901,ALJ21,Aluminum {Apr 21},New York Commodity Exchange,COMEX
902,ALK21,Aluminum {May 21},New York Commodity Exchange,COMEX
903,ALM21,Aluminum {Jun 21},New York Commodity Exchange,COMEX
904,ALN21,Aluminum {Jul 21},New York Commodity Exchange,COMEX
905,ALQ21,Aluminum {Aug 21},New York Commodity Exchange,COMEX
906,ALU21,Aluminum {Sep 21},New York Commodity Exchange,COMEX
907,ALV21,Aluminum {Oct 21},New York Commodity Exchange,COMEX
908,ALX21,Aluminum {Nov 21},New York Commodity Exchange,COMEX
909,ALZ21,Aluminum {Dec 21},New York Commodity Exchange,COMEX
910,AL,Aluminum,New York Commodity Exchange,COMEX
911,AL.C,Aluminum Continuation,New York Commodity Exchange,COMEX
912,ALF22,Aluminum {Jan 22},New York Commodity Exchange,COMEX
913,ALG21,Aluminum {Feb 21},New York Commodity Exchange,COMEX
914,ALG22,Aluminum {Feb 22},New York Commodity Exchange,COMEX
915,ALH21,Aluminum {Mar 21},New York Commodity Exchange,COMEX
916,ALH22,Aluminum {Mar 22},New York Commodity Exchange,COMEX
917,ALJ21,Aluminum {Apr 21},New York Commodity Exchange,COMEX
918,ALK21,Aluminum {May 21},New York Commodity Exchange,COMEX
919,ALM21,Aluminum {Jun 21},New York Commodity Exchange,COMEX
920,ALN21,Aluminum {Jul 21},New York Commodity Exchange,COMEX
921,ALQ21,Aluminum {Aug 21},New York Commodity Exchange,COMEX
922,ALU21,Aluminum {Sep 21},New York Commodity Exchange,COMEX
923,ALV21,Aluminum {Oct 21},New York Commodity Exchange,COMEX
924,ALX21,Aluminum {Nov 21},New York Commodity Exchange,COMEX
925,ALZ21,Aluminum {Dec 21},New York Commodity Exchange,COMEX
